{"cameraMode":{"drawMode":0,"name":"Shaded","section":"Shading Mode"},"sceneLighting":true,"audioPlay":false,"sceneViewState":{"m_AlwaysRefresh":false,"showFog":true,"showSkybox":true,"showFlares":true,"showImageEffects":true,"showParticleSystems":true,"showVisualEffectGraphs":true,"m_FxEnabled":false},"in2DMode":false,"pivot":{"x":1.473446011543274,"y":12.418609619140625,"z":-6.303757190704346},"rotation":{"x":-0.5060890913009644,"y":0.013449596241116524,"z":-0.007894907146692276,"w":-0.8623513579368591},"size":2.383446216583252,"orthographic":false}